X,Y,NAME,ID,SOURCE,QUOTE,PRECISION,CLASS,HERB,TYPE,X,Y,location_id
113.256066,23.134624,南海,34191,神农本草经,北海青，南海赤。十月采。,2,lower,戎盐,TRUE,113.256066,23.134624,136.39069
113.256066,23.134624,南海,34191,神农本草经,生赵国山谷，又梁山及南海，采无时。,2,middle,殷孽,TRUE,113.256066,23.134624,136.39069
115.973333,29.5725,庐山,lushan,神农本草经,生太山山谷齐、庐山，及琅邪北定山石间，二月采。,4,upper,云母,TRUE,115.973333,29.5725,145.545833
113.025139,25.802719,桂阳山谷,32836,神农本草经,生桂阳山谷。,2,lower,锡铜镜鼻,TRUE,113.025139,25.802719,138.827858
115.89772,28.6749,豫章山谷,hvd_32583,神农本草经,生豫章山谷，采无时。,2,upper,白青,TRUE,115.89772,28.6749,144.57262
110.15652,20.26113,朱崖山谷武都,hvd_34243,神农本草经,生朱崖山谷武都、朱提，采无时。,2,upper,扁青,TRUE,110.15652,20.26113,130.41765
